{
  "collections": [
    {
      "name": "children",
      "schema": [
        {
          "name": "nom",
          "type": "text",
          "required": true
        },
        {
          "name": "prenom",
          "type": "text",
          "required": true
        },
        {
          "name": "classe",
          "type": "text",
          "required": true
        },
        {
          "name": "niveau",
          "type": "select",
          "options": [
            {"value": "Maternelle", "text": "Maternelle"},
            {"value": "Élémentaire", "text": "Élémentaire"}
          ],
          "required": true
        },
        {
          "name": "planning",
          "type": "json",
          "required": true
        }
      ],
      "indexes": [
        {
          "fields": ["nom"],
          "type": "unique"
        },
        {
          "fields": ["classe"],
          "type": "index"
        },
        {
          "fields": ["niveau"],
          "type": "index"
        }
      ]
    },
    {
      "name": "attendance",
      "schema": [
        {
          "name": "child",
          "type": "relation",
          "required": true,
          "options": {
            "collectionId": "children",
            "cascadeDelete": true
          }
        },
        {
          "name": "date",
          "type": "date",
          "required": true
        },
        {
          "name": "creneau",
          "type": "select",
          "options": [
            {"value": "matin", "text": "Matin"},
            {"value": "midi", "text": "Midi"},
            {"value": "soir", "text": "Soir"}
          ],
          "required": true
        },
        {
          "name": "status",
          "type": "select",
          "options": [
            {"value": "present", "text": "Présent"},
            {"value": "absent", "text": "Absent"}
          ],
          "required": true
        },
        {
          "name": "arrival_time",
          "type": "text"
        },
        {
          "name": "departure_time",
          "type": "text"
        },
        {
          "name": "arrive_checked",
          "type": "bool",
          "default": false
        },
        {
          "name": "depart_checked",
          "type": "bool",
          "default": false
        }
      ],
      "indexes": [
        {
          "fields": ["child", "date", "creneau"],
          "type": "unique"
        },
        {
          "fields": ["date"],
          "type": "index"
        },
        {
          "fields": ["creneau"],
          "type": "index"
        }
      ]
    },
    {
      "name": "locks",
      "schema": [
        {
          "name": "classe",
          "type": "text",
          "required": true
        },
        {
          "name": "date",
          "type": "date",
          "required": true
        },
        {
          "name": "creneau",
          "type": "select",
          "options": [
            {"value": "matin", "text": "Matin"},
            {"value": "midi", "text": "Midi"},
            {"value": "soir", "text": "Soir"}
          ],
          "required": true
        },
        {
          "name": "locked",
          "type": "bool",
          "default": false
        },
        {
          "name": "locked_by",
          "type": "text"
        },
        {
          "name": "locked_at",
          "type": "date"
        }
      ],
      "indexes": [
        {
          "fields": ["classe", "date", "creneau"],
          "type": "unique"
        },
        {
          "fields": ["date"],
          "type": "index"
        }
      ]
    },
    {
      "name": "comments",
      "schema": [
        {
          "name": "text",
          "type": "text",
          "required": true
        },
        {
          "name": "author",
          "type": "text"
        },
        {
          "name": "tag",
          "type": "select",
          "options": [
            {"value": "important", "text": "Important"},
            {"value": "info", "text": "Information"},
            {"value": "note", "text": "Note"}
          ]
        },
        {
          "name": "date",
          "type": "date",
          "required": true
        },
        {
          "name": "time",
          "type": "text"
        }
      ],
      "indexes": [
        {
          "fields": ["date"],
          "type": "index"
        }
      ]
    },
    {
      "name": "initialized_dates",
      "schema": [
        {
          "name": "date",
          "type": "date",
          "required": true,
          "unique": true
        },
        {
          "name": "processed_at",
          "type": "date"
        }
      ]
    }
  ]
}